{
    "sequential": 22.014190196990967,
    "parallel": {
        "1": {
            "time": 40.68706965446472,
            "speedup": 0.5410610885459842
        },
        "2": {
            "time": 35.61209583282471,
            "speedup": 0.6181660944734357
        },
        "4": {
            "time": 51.699865102767944,
            "speedup": 0.4258074978190292
        },
        "8": {
            "time": 41.8868248462677,
            "speedup": 0.5255635937502321
        }
    }
}